{
  "phi_cal_deg": -30.04752311361932,
  "amp_ratio": 0.6481052639134289
}